text,label
Die vorliegende Analyse zeigt deutliche Unterschiede zwischen den Gruppen.,0
Die Ergebnisse basieren auf einer umfassenden Datenbasis.,0
In Kapitel drei wird die Methodik ausführlich beschrieben.,0
Die Studie untersucht die Auswirkungen von Umweltfaktoren auf das Wachstum.,0
Die Hypothese wird durch die gesammelten Daten unterstützt.,0
Eine detaillierte Analyse der Proben zeigt signifikante Ergebnisse.,0
Die theoretischen Grundlagen werden in Kapitel zwei erläutert.,0
Die Forschungsergebnisse tragen zum Verständnis des Prozesses bei.,0
"Es wird festgestellt, dass die Probanden unterschiedliche Reaktionen zeigen.",0
Diese Arbeit konzentriert sich auf die Evaluation neuer Technologien.,0
Die vorliegende Analyse zeigt deutliche Unterschiede zwischen den Gruppen.,0
Die Ergebnisse basieren auf einer umfassenden Datenbasis.,0
In Kapitel drei wird die Methodik ausführlich beschrieben.,0
Die Studie untersucht die Auswirkungen von Umweltfaktoren auf das Wachstum.,0
Die Hypothese wird durch die gesammelten Daten unterstützt.,0
Eine detaillierte Analyse der Proben zeigt signifikante Ergebnisse.,0
Die theoretischen Grundlagen werden in Kapitel zwei erläutert.,0
Die Forschungsergebnisse tragen zum Verständnis des Prozesses bei.,0
"Es wird festgestellt, dass die Probanden unterschiedliche Reaktionen zeigen.",0
Diese Arbeit konzentriert sich auf die Evaluation neuer Technologien.,0
Die vorliegende Analyse zeigt deutliche Unterschiede zwischen den Gruppen.,0
Die Ergebnisse basieren auf einer umfassenden Datenbasis.,0
In Kapitel drei wird die Methodik ausführlich beschrieben.,0
Die Studie untersucht die Auswirkungen von Umweltfaktoren auf das Wachstum.,0
Die Hypothese wird durch die gesammelten Daten unterstützt.,0
Eine detaillierte Analyse der Proben zeigt signifikante Ergebnisse.,0
Die theoretischen Grundlagen werden in Kapitel zwei erläutert.,0
Die Forschungsergebnisse tragen zum Verständnis des Prozesses bei.,0
"Es wird festgestellt, dass die Probanden unterschiedliche Reaktionen zeigen.",0
Diese Arbeit konzentriert sich auf die Evaluation neuer Technologien.,0
Die vorliegende Analyse zeigt deutliche Unterschiede zwischen den Gruppen.,0
Die Ergebnisse basieren auf einer umfassenden Datenbasis.,0
In Kapitel drei wird die Methodik ausführlich beschrieben.,0
Die Studie untersucht die Auswirkungen von Umweltfaktoren auf das Wachstum.,0
Die Hypothese wird durch die gesammelten Daten unterstützt.,0
Eine detaillierte Analyse der Proben zeigt signifikante Ergebnisse.,0
Die theoretischen Grundlagen werden in Kapitel zwei erläutert.,0
Die Forschungsergebnisse tragen zum Verständnis des Prozesses bei.,0
"Es wird festgestellt, dass die Probanden unterschiedliche Reaktionen zeigen.",0
Diese Arbeit konzentriert sich auf die Evaluation neuer Technologien.,0
Die vorliegende Analyse zeigt deutliche Unterschiede zwischen den Gruppen.,0
Die Ergebnisse basieren auf einer umfassenden Datenbasis.,0
In Kapitel drei wird die Methodik ausführlich beschrieben.,0
Die Studie untersucht die Auswirkungen von Umweltfaktoren auf das Wachstum.,0
Die Hypothese wird durch die gesammelten Daten unterstützt.,0
Eine detaillierte Analyse der Proben zeigt signifikante Ergebnisse.,0
Die theoretischen Grundlagen werden in Kapitel zwei erläutert.,0
Die Forschungsergebnisse tragen zum Verständnis des Prozesses bei.,0
"Es wird festgestellt, dass die Probanden unterschiedliche Reaktionen zeigen.",0
Diese Arbeit konzentriert sich auf die Evaluation neuer Technologien.,0
Die vorliegende Analyse zeigt deutliche Unterschiede zwischen den Gruppen.,0
Die Ergebnisse basieren auf einer umfassenden Datenbasis.,0
In Kapitel drei wird die Methodik ausführlich beschrieben.,0
Die Studie untersucht die Auswirkungen von Umweltfaktoren auf das Wachstum.,0
Die Hypothese wird durch die gesammelten Daten unterstützt.,0
Eine detaillierte Analyse der Proben zeigt signifikante Ergebnisse.,0
Die theoretischen Grundlagen werden in Kapitel zwei erläutert.,0
Die Forschungsergebnisse tragen zum Verständnis des Prozesses bei.,0
"Es wird festgestellt, dass die Probanden unterschiedliche Reaktionen zeigen.",0
Diese Arbeit konzentriert sich auf die Evaluation neuer Technologien.,0
Die vorliegende Analyse zeigt deutliche Unterschiede zwischen den Gruppen.,0
Die Ergebnisse basieren auf einer umfassenden Datenbasis.,0
In Kapitel drei wird die Methodik ausführlich beschrieben.,0
Die Studie untersucht die Auswirkungen von Umweltfaktoren auf das Wachstum.,0
Die Hypothese wird durch die gesammelten Daten unterstützt.,0
Eine detaillierte Analyse der Proben zeigt signifikante Ergebnisse.,0
Die theoretischen Grundlagen werden in Kapitel zwei erläutert.,0
Die Forschungsergebnisse tragen zum Verständnis des Prozesses bei.,0
"Es wird festgestellt, dass die Probanden unterschiedliche Reaktionen zeigen.",0
Diese Arbeit konzentriert sich auf die Evaluation neuer Technologien.,0
Die vorliegende Analyse zeigt deutliche Unterschiede zwischen den Gruppen.,0
Die Ergebnisse basieren auf einer umfassenden Datenbasis.,0
In Kapitel drei wird die Methodik ausführlich beschrieben.,0
Die Studie untersucht die Auswirkungen von Umweltfaktoren auf das Wachstum.,0
Die Hypothese wird durch die gesammelten Daten unterstützt.,0
Eine detaillierte Analyse der Proben zeigt signifikante Ergebnisse.,0
Die theoretischen Grundlagen werden in Kapitel zwei erläutert.,0
Die Forschungsergebnisse tragen zum Verständnis des Prozesses bei.,0
"Es wird festgestellt, dass die Probanden unterschiedliche Reaktionen zeigen.",0
Diese Arbeit konzentriert sich auf die Evaluation neuer Technologien.,0
Die vorliegende Analyse zeigt deutliche Unterschiede zwischen den Gruppen.,0
Die Ergebnisse basieren auf einer umfassenden Datenbasis.,0
In Kapitel drei wird die Methodik ausführlich beschrieben.,0
Die Studie untersucht die Auswirkungen von Umweltfaktoren auf das Wachstum.,0
Die Hypothese wird durch die gesammelten Daten unterstützt.,0
Eine detaillierte Analyse der Proben zeigt signifikante Ergebnisse.,0
Die theoretischen Grundlagen werden in Kapitel zwei erläutert.,0
Die Forschungsergebnisse tragen zum Verständnis des Prozesses bei.,0
"Es wird festgestellt, dass die Probanden unterschiedliche Reaktionen zeigen.",0
Diese Arbeit konzentriert sich auf die Evaluation neuer Technologien.,0
Die vorliegende Analyse zeigt deutliche Unterschiede zwischen den Gruppen.,0
Die Ergebnisse basieren auf einer umfassenden Datenbasis.,0
In Kapitel drei wird die Methodik ausführlich beschrieben.,0
Die Studie untersucht die Auswirkungen von Umweltfaktoren auf das Wachstum.,0
Die Hypothese wird durch die gesammelten Daten unterstützt.,0
Eine detaillierte Analyse der Proben zeigt signifikante Ergebnisse.,0
Die theoretischen Grundlagen werden in Kapitel zwei erläutert.,0
Die Forschungsergebnisse tragen zum Verständnis des Prozesses bei.,0
"Es wird festgestellt, dass die Probanden unterschiedliche Reaktionen zeigen.",0
Diese Arbeit konzentriert sich auf die Evaluation neuer Technologien.,0
Die vorliegende Analyse zeigt deutliche Unterschiede zwischen den Gruppen.,0
Die Ergebnisse basieren auf einer umfassenden Datenbasis.,0
In Kapitel drei wird die Methodik ausführlich beschrieben.,0
Die Studie untersucht die Auswirkungen von Umweltfaktoren auf das Wachstum.,0
Die Hypothese wird durch die gesammelten Daten unterstützt.,0
Eine detaillierte Analyse der Proben zeigt signifikante Ergebnisse.,0
Die theoretischen Grundlagen werden in Kapitel zwei erläutert.,0
Die Forschungsergebnisse tragen zum Verständnis des Prozesses bei.,0
"Es wird festgestellt, dass die Probanden unterschiedliche Reaktionen zeigen.",0
Diese Arbeit konzentriert sich auf die Evaluation neuer Technologien.,0
Die vorliegende Analyse zeigt deutliche Unterschiede zwischen den Gruppen.,0
Die Ergebnisse basieren auf einer umfassenden Datenbasis.,0
In Kapitel drei wird die Methodik ausführlich beschrieben.,0
Die Studie untersucht die Auswirkungen von Umweltfaktoren auf das Wachstum.,0
Die Hypothese wird durch die gesammelten Daten unterstützt.,0
Eine detaillierte Analyse der Proben zeigt signifikante Ergebnisse.,0
Die theoretischen Grundlagen werden in Kapitel zwei erläutert.,0
Die Forschungsergebnisse tragen zum Verständnis des Prozesses bei.,0
"Es wird festgestellt, dass die Probanden unterschiedliche Reaktionen zeigen.",0
Diese Arbeit konzentriert sich auf die Evaluation neuer Technologien.,0
Die vorliegende Analyse zeigt deutliche Unterschiede zwischen den Gruppen.,0
Die Ergebnisse basieren auf einer umfassenden Datenbasis.,0
In Kapitel drei wird die Methodik ausführlich beschrieben.,0
Die Studie untersucht die Auswirkungen von Umweltfaktoren auf das Wachstum.,0
Die Hypothese wird durch die gesammelten Daten unterstützt.,0
Eine detaillierte Analyse der Proben zeigt signifikante Ergebnisse.,0
Die theoretischen Grundlagen werden in Kapitel zwei erläutert.,0
Die Forschungsergebnisse tragen zum Verständnis des Prozesses bei.,0
"Es wird festgestellt, dass die Probanden unterschiedliche Reaktionen zeigen.",0
Diese Arbeit konzentriert sich auf die Evaluation neuer Technologien.,0
Die vorliegende Analyse zeigt deutliche Unterschiede zwischen den Gruppen.,0
Die Ergebnisse basieren auf einer umfassenden Datenbasis.,0
In Kapitel drei wird die Methodik ausführlich beschrieben.,0
Die Studie untersucht die Auswirkungen von Umweltfaktoren auf das Wachstum.,0
Die Hypothese wird durch die gesammelten Daten unterstützt.,0
Eine detaillierte Analyse der Proben zeigt signifikante Ergebnisse.,0
Die theoretischen Grundlagen werden in Kapitel zwei erläutert.,0
Die Forschungsergebnisse tragen zum Verständnis des Prozesses bei.,0
"Es wird festgestellt, dass die Probanden unterschiedliche Reaktionen zeigen.",0
Diese Arbeit konzentriert sich auf die Evaluation neuer Technologien.,0
Die vorliegende Analyse zeigt deutliche Unterschiede zwischen den Gruppen.,0
Die Ergebnisse basieren auf einer umfassenden Datenbasis.,0
In Kapitel drei wird die Methodik ausführlich beschrieben.,0
Die Studie untersucht die Auswirkungen von Umweltfaktoren auf das Wachstum.,0
Die Hypothese wird durch die gesammelten Daten unterstützt.,0
Eine detaillierte Analyse der Proben zeigt signifikante Ergebnisse.,0
Die theoretischen Grundlagen werden in Kapitel zwei erläutert.,0
Die Forschungsergebnisse tragen zum Verständnis des Prozesses bei.,0
"Es wird festgestellt, dass die Probanden unterschiedliche Reaktionen zeigen.",0
Diese Arbeit konzentriert sich auf die Evaluation neuer Technologien.,0
Die vorliegende Analyse zeigt deutliche Unterschiede zwischen den Gruppen.,0
Die Ergebnisse basieren auf einer umfassenden Datenbasis.,0
In Kapitel drei wird die Methodik ausführlich beschrieben.,0
Die Studie untersucht die Auswirkungen von Umweltfaktoren auf das Wachstum.,0
Die Hypothese wird durch die gesammelten Daten unterstützt.,0
Eine detaillierte Analyse der Proben zeigt signifikante Ergebnisse.,0
Die theoretischen Grundlagen werden in Kapitel zwei erläutert.,0
Die Forschungsergebnisse tragen zum Verständnis des Prozesses bei.,0
"Es wird festgestellt, dass die Probanden unterschiedliche Reaktionen zeigen.",0
Diese Arbeit konzentriert sich auf die Evaluation neuer Technologien.,0
Die vorliegende Analyse zeigt deutliche Unterschiede zwischen den Gruppen.,0
Die Ergebnisse basieren auf einer umfassenden Datenbasis.,0
In Kapitel drei wird die Methodik ausführlich beschrieben.,0
Die Studie untersucht die Auswirkungen von Umweltfaktoren auf das Wachstum.,0
Die Hypothese wird durch die gesammelten Daten unterstützt.,0
Eine detaillierte Analyse der Proben zeigt signifikante Ergebnisse.,0
Die theoretischen Grundlagen werden in Kapitel zwei erläutert.,0
Die Forschungsergebnisse tragen zum Verständnis des Prozesses bei.,0
"Es wird festgestellt, dass die Probanden unterschiedliche Reaktionen zeigen.",0
Diese Arbeit konzentriert sich auf die Evaluation neuer Technologien.,0
Die vorliegende Analyse zeigt deutliche Unterschiede zwischen den Gruppen.,0
Die Ergebnisse basieren auf einer umfassenden Datenbasis.,0
In Kapitel drei wird die Methodik ausführlich beschrieben.,0
Die Studie untersucht die Auswirkungen von Umweltfaktoren auf das Wachstum.,0
Die Hypothese wird durch die gesammelten Daten unterstützt.,0
Eine detaillierte Analyse der Proben zeigt signifikante Ergebnisse.,0
Die theoretischen Grundlagen werden in Kapitel zwei erläutert.,0
Die Forschungsergebnisse tragen zum Verständnis des Prozesses bei.,0
"Es wird festgestellt, dass die Probanden unterschiedliche Reaktionen zeigen.",0
Diese Arbeit konzentriert sich auf die Evaluation neuer Technologien.,0
Die vorliegende Analyse zeigt deutliche Unterschiede zwischen den Gruppen.,0
Die Ergebnisse basieren auf einer umfassenden Datenbasis.,0
In Kapitel drei wird die Methodik ausführlich beschrieben.,0
Die Studie untersucht die Auswirkungen von Umweltfaktoren auf das Wachstum.,0
Die Hypothese wird durch die gesammelten Daten unterstützt.,0
Eine detaillierte Analyse der Proben zeigt signifikante Ergebnisse.,0
Die theoretischen Grundlagen werden in Kapitel zwei erläutert.,0
Die Forschungsergebnisse tragen zum Verständnis des Prozesses bei.,0
"Es wird festgestellt, dass die Probanden unterschiedliche Reaktionen zeigen.",0
Diese Arbeit konzentriert sich auf die Evaluation neuer Technologien.,0
Die vorliegende Analyse zeigt deutliche Unterschiede zwischen den Gruppen.,0
Die Ergebnisse basieren auf einer umfassenden Datenbasis.,0
In Kapitel drei wird die Methodik ausführlich beschrieben.,0
Die Studie untersucht die Auswirkungen von Umweltfaktoren auf das Wachstum.,0
Die Hypothese wird durch die gesammelten Daten unterstützt.,0
Eine detaillierte Analyse der Proben zeigt signifikante Ergebnisse.,0
Die theoretischen Grundlagen werden in Kapitel zwei erläutert.,0
Die Forschungsergebnisse tragen zum Verständnis des Prozesses bei.,0
"Es wird festgestellt, dass die Probanden unterschiedliche Reaktionen zeigen.",0
Diese Arbeit konzentriert sich auf die Evaluation neuer Technologien.,0
Die vorliegende Analyse zeigt deutliche Unterschiede zwischen den Gruppen.,0
Die Ergebnisse basieren auf einer umfassenden Datenbasis.,0
In Kapitel drei wird die Methodik ausführlich beschrieben.,0
Die Studie untersucht die Auswirkungen von Umweltfaktoren auf das Wachstum.,0
Die Hypothese wird durch die gesammelten Daten unterstützt.,0
Eine detaillierte Analyse der Proben zeigt signifikante Ergebnisse.,0
Die theoretischen Grundlagen werden in Kapitel zwei erläutert.,0
Die Forschungsergebnisse tragen zum Verständnis des Prozesses bei.,0
"Es wird festgestellt, dass die Probanden unterschiedliche Reaktionen zeigen.",0
Diese Arbeit konzentriert sich auf die Evaluation neuer Technologien.,0
Die vorliegende Analyse zeigt deutliche Unterschiede zwischen den Gruppen.,0
Die Ergebnisse basieren auf einer umfassenden Datenbasis.,0
In Kapitel drei wird die Methodik ausführlich beschrieben.,0
Die Studie untersucht die Auswirkungen von Umweltfaktoren auf das Wachstum.,0
Die Hypothese wird durch die gesammelten Daten unterstützt.,0
Eine detaillierte Analyse der Proben zeigt signifikante Ergebnisse.,0
Die theoretischen Grundlagen werden in Kapitel zwei erläutert.,0
Die Forschungsergebnisse tragen zum Verständnis des Prozesses bei.,0
"Es wird festgestellt, dass die Probanden unterschiedliche Reaktionen zeigen.",0
Diese Arbeit konzentriert sich auf die Evaluation neuer Technologien.,0
Die vorliegende Analyse zeigt deutliche Unterschiede zwischen den Gruppen.,0
Die Ergebnisse basieren auf einer umfassenden Datenbasis.,0
In Kapitel drei wird die Methodik ausführlich beschrieben.,0
Die Studie untersucht die Auswirkungen von Umweltfaktoren auf das Wachstum.,0
Die Hypothese wird durch die gesammelten Daten unterstützt.,0
Eine detaillierte Analyse der Proben zeigt signifikante Ergebnisse.,0
Die theoretischen Grundlagen werden in Kapitel zwei erläutert.,0
Die Forschungsergebnisse tragen zum Verständnis des Prozesses bei.,0
"Es wird festgestellt, dass die Probanden unterschiedliche Reaktionen zeigen.",0
Diese Arbeit konzentriert sich auf die Evaluation neuer Technologien.,0
Die vorliegende Analyse zeigt deutliche Unterschiede zwischen den Gruppen.,0
Die Ergebnisse basieren auf einer umfassenden Datenbasis.,0
In Kapitel drei wird die Methodik ausführlich beschrieben.,0
Die Studie untersucht die Auswirkungen von Umweltfaktoren auf das Wachstum.,0
Die Hypothese wird durch die gesammelten Daten unterstützt.,0
Eine detaillierte Analyse der Proben zeigt signifikante Ergebnisse.,0
Die theoretischen Grundlagen werden in Kapitel zwei erläutert.,0
Die Forschungsergebnisse tragen zum Verständnis des Prozesses bei.,0
"Es wird festgestellt, dass die Probanden unterschiedliche Reaktionen zeigen.",0
Diese Arbeit konzentriert sich auf die Evaluation neuer Technologien.,0
Die vorliegende Analyse zeigt deutliche Unterschiede zwischen den Gruppen.,0
Die Ergebnisse basieren auf einer umfassenden Datenbasis.,0
In Kapitel drei wird die Methodik ausführlich beschrieben.,0
Die Studie untersucht die Auswirkungen von Umweltfaktoren auf das Wachstum.,0
Die Hypothese wird durch die gesammelten Daten unterstützt.,0
Eine detaillierte Analyse der Proben zeigt signifikante Ergebnisse.,0
Die theoretischen Grundlagen werden in Kapitel zwei erläutert.,0
Die Forschungsergebnisse tragen zum Verständnis des Prozesses bei.,0
"Es wird festgestellt, dass die Probanden unterschiedliche Reaktionen zeigen.",0
Diese Arbeit konzentriert sich auf die Evaluation neuer Technologien.,0
Die vorliegende Analyse zeigt deutliche Unterschiede zwischen den Gruppen.,0
Die Ergebnisse basieren auf einer umfassenden Datenbasis.,0
In Kapitel drei wird die Methodik ausführlich beschrieben.,0
Die Studie untersucht die Auswirkungen von Umweltfaktoren auf das Wachstum.,0
Die Hypothese wird durch die gesammelten Daten unterstützt.,0
Eine detaillierte Analyse der Proben zeigt signifikante Ergebnisse.,0
Die theoretischen Grundlagen werden in Kapitel zwei erläutert.,0
Die Forschungsergebnisse tragen zum Verständnis des Prozesses bei.,0
"Es wird festgestellt, dass die Probanden unterschiedliche Reaktionen zeigen.",0
Diese Arbeit konzentriert sich auf die Evaluation neuer Technologien.,0
Die vorliegende Analyse zeigt deutliche Unterschiede zwischen den Gruppen.,0
Die Ergebnisse basieren auf einer umfassenden Datenbasis.,0
In Kapitel drei wird die Methodik ausführlich beschrieben.,0
Die Studie untersucht die Auswirkungen von Umweltfaktoren auf das Wachstum.,0
Die Hypothese wird durch die gesammelten Daten unterstützt.,0
Eine detaillierte Analyse der Proben zeigt signifikante Ergebnisse.,0
Die theoretischen Grundlagen werden in Kapitel zwei erläutert.,0
Die Forschungsergebnisse tragen zum Verständnis des Prozesses bei.,0
"Es wird festgestellt, dass die Probanden unterschiedliche Reaktionen zeigen.",0
Diese Arbeit konzentriert sich auf die Evaluation neuer Technologien.,0
Die vorliegende Analyse zeigt deutliche Unterschiede zwischen den Gruppen.,0
Die Ergebnisse basieren auf einer umfassenden Datenbasis.,0
In Kapitel drei wird die Methodik ausführlich beschrieben.,0
Die Studie untersucht die Auswirkungen von Umweltfaktoren auf das Wachstum.,0
Die Hypothese wird durch die gesammelten Daten unterstützt.,0
Eine detaillierte Analyse der Proben zeigt signifikante Ergebnisse.,0
Die theoretischen Grundlagen werden in Kapitel zwei erläutert.,0
Die Forschungsergebnisse tragen zum Verständnis des Prozesses bei.,0
"Es wird festgestellt, dass die Probanden unterschiedliche Reaktionen zeigen.",0
Diese Arbeit konzentriert sich auf die Evaluation neuer Technologien.,0
Die vorliegende Analyse zeigt deutliche Unterschiede zwischen den Gruppen.,0
Die Ergebnisse basieren auf einer umfassenden Datenbasis.,0
In Kapitel drei wird die Methodik ausführlich beschrieben.,0
Die Studie untersucht die Auswirkungen von Umweltfaktoren auf das Wachstum.,0
Die Hypothese wird durch die gesammelten Daten unterstützt.,0
Eine detaillierte Analyse der Proben zeigt signifikante Ergebnisse.,0
Die theoretischen Grundlagen werden in Kapitel zwei erläutert.,0
Die Forschungsergebnisse tragen zum Verständnis des Prozesses bei.,0
"Es wird festgestellt, dass die Probanden unterschiedliche Reaktionen zeigen.",0
Diese Arbeit konzentriert sich auf die Evaluation neuer Technologien.,0
Die vorliegende Analyse zeigt deutliche Unterschiede zwischen den Gruppen.,0
Die Ergebnisse basieren auf einer umfassenden Datenbasis.,0
In Kapitel drei wird die Methodik ausführlich beschrieben.,0
Die Studie untersucht die Auswirkungen von Umweltfaktoren auf das Wachstum.,0
Die Hypothese wird durch die gesammelten Daten unterstützt.,0
Eine detaillierte Analyse der Proben zeigt signifikante Ergebnisse.,0
Die theoretischen Grundlagen werden in Kapitel zwei erläutert.,0
Die Forschungsergebnisse tragen zum Verständnis des Prozesses bei.,0
"Es wird festgestellt, dass die Probanden unterschiedliche Reaktionen zeigen.",0
Diese Arbeit konzentriert sich auf die Evaluation neuer Technologien.,0
Die vorliegende Analyse zeigt deutliche Unterschiede zwischen den Gruppen.,0
Die Ergebnisse basieren auf einer umfassenden Datenbasis.,0
In Kapitel drei wird die Methodik ausführlich beschrieben.,0
Die Studie untersucht die Auswirkungen von Umweltfaktoren auf das Wachstum.,0
Die Hypothese wird durch die gesammelten Daten unterstützt.,0
Eine detaillierte Analyse der Proben zeigt signifikante Ergebnisse.,0
Die theoretischen Grundlagen werden in Kapitel zwei erläutert.,0
Die Forschungsergebnisse tragen zum Verständnis des Prozesses bei.,0
"Es wird festgestellt, dass die Probanden unterschiedliche Reaktionen zeigen.",0
Diese Arbeit konzentriert sich auf die Evaluation neuer Technologien.,0
Die vorliegende Analyse zeigt deutliche Unterschiede zwischen den Gruppen.,0
Die Ergebnisse basieren auf einer umfassenden Datenbasis.,0
In Kapitel drei wird die Methodik ausführlich beschrieben.,0
Die Studie untersucht die Auswirkungen von Umweltfaktoren auf das Wachstum.,0
Die Hypothese wird durch die gesammelten Daten unterstützt.,0
Eine detaillierte Analyse der Proben zeigt signifikante Ergebnisse.,0
Die theoretischen Grundlagen werden in Kapitel zwei erläutert.,0
Die Forschungsergebnisse tragen zum Verständnis des Prozesses bei.,0
"Es wird festgestellt, dass die Probanden unterschiedliche Reaktionen zeigen.",0
Diese Arbeit konzentriert sich auf die Evaluation neuer Technologien.,0
Die vorliegende Analyse zeigt deutliche Unterschiede zwischen den Gruppen.,0
Die Ergebnisse basieren auf einer umfassenden Datenbasis.,0
In Kapitel drei wird die Methodik ausführlich beschrieben.,0
Die Studie untersucht die Auswirkungen von Umweltfaktoren auf das Wachstum.,0
Die Hypothese wird durch die gesammelten Daten unterstützt.,0
Eine detaillierte Analyse der Proben zeigt signifikante Ergebnisse.,0
Die theoretischen Grundlagen werden in Kapitel zwei erläutert.,0
Die Forschungsergebnisse tragen zum Verständnis des Prozesses bei.,0
"Es wird festgestellt, dass die Probanden unterschiedliche Reaktionen zeigen.",0
Diese Arbeit konzentriert sich auf die Evaluation neuer Technologien.,0
Die vorliegende Analyse zeigt deutliche Unterschiede zwischen den Gruppen.,0
Die Ergebnisse basieren auf einer umfassenden Datenbasis.,0
In Kapitel drei wird die Methodik ausführlich beschrieben.,0
Die Studie untersucht die Auswirkungen von Umweltfaktoren auf das Wachstum.,0
Die Hypothese wird durch die gesammelten Daten unterstützt.,0
Eine detaillierte Analyse der Proben zeigt signifikante Ergebnisse.,0
Die theoretischen Grundlagen werden in Kapitel zwei erläutert.,0
Die Forschungsergebnisse tragen zum Verständnis des Prozesses bei.,0
"Es wird festgestellt, dass die Probanden unterschiedliche Reaktionen zeigen.",0
Diese Arbeit konzentriert sich auf die Evaluation neuer Technologien.,0
Die vorliegende Analyse zeigt deutliche Unterschiede zwischen den Gruppen.,0
Die Ergebnisse basieren auf einer umfassenden Datenbasis.,0
In Kapitel drei wird die Methodik ausführlich beschrieben.,0
Die Studie untersucht die Auswirkungen von Umweltfaktoren auf das Wachstum.,0
Die Hypothese wird durch die gesammelten Daten unterstützt.,0
Eine detaillierte Analyse der Proben zeigt signifikante Ergebnisse.,0
Die theoretischen Grundlagen werden in Kapitel zwei erläutert.,0
Die Forschungsergebnisse tragen zum Verständnis des Prozesses bei.,0
"Es wird festgestellt, dass die Probanden unterschiedliche Reaktionen zeigen.",0
Diese Arbeit konzentriert sich auf die Evaluation neuer Technologien.,0
Die vorliegende Analyse zeigt deutliche Unterschiede zwischen den Gruppen.,0
Die Ergebnisse basieren auf einer umfassenden Datenbasis.,0
In Kapitel drei wird die Methodik ausführlich beschrieben.,0
Die Studie untersucht die Auswirkungen von Umweltfaktoren auf das Wachstum.,0
Die Hypothese wird durch die gesammelten Daten unterstützt.,0
Eine detaillierte Analyse der Proben zeigt signifikante Ergebnisse.,0
Die theoretischen Grundlagen werden in Kapitel zwei erläutert.,0
Die Forschungsergebnisse tragen zum Verständnis des Prozesses bei.,0
"Es wird festgestellt, dass die Probanden unterschiedliche Reaktionen zeigen.",0
Diese Arbeit konzentriert sich auf die Evaluation neuer Technologien.,0
Die vorliegende Analyse zeigt deutliche Unterschiede zwischen den Gruppen.,0
Die Ergebnisse basieren auf einer umfassenden Datenbasis.,0
In Kapitel drei wird die Methodik ausführlich beschrieben.,0
Die Studie untersucht die Auswirkungen von Umweltfaktoren auf das Wachstum.,0
Die Hypothese wird durch die gesammelten Daten unterstützt.,0
Eine detaillierte Analyse der Proben zeigt signifikante Ergebnisse.,0
Die theoretischen Grundlagen werden in Kapitel zwei erläutert.,0
Die Forschungsergebnisse tragen zum Verständnis des Prozesses bei.,0
"Es wird festgestellt, dass die Probanden unterschiedliche Reaktionen zeigen.",0
Diese Arbeit konzentriert sich auf die Evaluation neuer Technologien.,0
Die vorliegende Analyse zeigt deutliche Unterschiede zwischen den Gruppen.,0
Die Ergebnisse basieren auf einer umfassenden Datenbasis.,0
In Kapitel drei wird die Methodik ausführlich beschrieben.,0
Die Studie untersucht die Auswirkungen von Umweltfaktoren auf das Wachstum.,0
Die Hypothese wird durch die gesammelten Daten unterstützt.,0
Eine detaillierte Analyse der Proben zeigt signifikante Ergebnisse.,0
Die theoretischen Grundlagen werden in Kapitel zwei erläutert.,0
Die Forschungsergebnisse tragen zum Verständnis des Prozesses bei.,0
"Es wird festgestellt, dass die Probanden unterschiedliche Reaktionen zeigen.",0
Diese Arbeit konzentriert sich auf die Evaluation neuer Technologien.,0
Die vorliegende Analyse zeigt deutliche Unterschiede zwischen den Gruppen.,0
Die Ergebnisse basieren auf einer umfassenden Datenbasis.,0
In Kapitel drei wird die Methodik ausführlich beschrieben.,0
Die Studie untersucht die Auswirkungen von Umweltfaktoren auf das Wachstum.,0
Die Hypothese wird durch die gesammelten Daten unterstützt.,0
Eine detaillierte Analyse der Proben zeigt signifikante Ergebnisse.,0
Die theoretischen Grundlagen werden in Kapitel zwei erläutert.,0
Die Forschungsergebnisse tragen zum Verständnis des Prozesses bei.,0
"Es wird festgestellt, dass die Probanden unterschiedliche Reaktionen zeigen.",0
Diese Arbeit konzentriert sich auf die Evaluation neuer Technologien.,0
Die vorliegende Analyse zeigt deutliche Unterschiede zwischen den Gruppen.,0
Die Ergebnisse basieren auf einer umfassenden Datenbasis.,0
In Kapitel drei wird die Methodik ausführlich beschrieben.,0
Die Studie untersucht die Auswirkungen von Umweltfaktoren auf das Wachstum.,0
Die Hypothese wird durch die gesammelten Daten unterstützt.,0
Eine detaillierte Analyse der Proben zeigt signifikante Ergebnisse.,0
Die theoretischen Grundlagen werden in Kapitel zwei erläutert.,0
Die Forschungsergebnisse tragen zum Verständnis des Prozesses bei.,0
"Es wird festgestellt, dass die Probanden unterschiedliche Reaktionen zeigen.",0
Diese Arbeit konzentriert sich auf die Evaluation neuer Technologien.,0
Die vorliegende Analyse zeigt deutliche Unterschiede zwischen den Gruppen.,0
Die Ergebnisse basieren auf einer umfassenden Datenbasis.,0
In Kapitel drei wird die Methodik ausführlich beschrieben.,0
Die Studie untersucht die Auswirkungen von Umweltfaktoren auf das Wachstum.,0
Die Hypothese wird durch die gesammelten Daten unterstützt.,0
Eine detaillierte Analyse der Proben zeigt signifikante Ergebnisse.,0
Die theoretischen Grundlagen werden in Kapitel zwei erläutert.,0
Die Forschungsergebnisse tragen zum Verständnis des Prozesses bei.,0
"Es wird festgestellt, dass die Probanden unterschiedliche Reaktionen zeigen.",0
Diese Arbeit konzentriert sich auf die Evaluation neuer Technologien.,0
Die vorliegende Analyse zeigt deutliche Unterschiede zwischen den Gruppen.,0
Die Ergebnisse basieren auf einer umfassenden Datenbasis.,0
In Kapitel drei wird die Methodik ausführlich beschrieben.,0
Die Studie untersucht die Auswirkungen von Umweltfaktoren auf das Wachstum.,0
Die Hypothese wird durch die gesammelten Daten unterstützt.,0
Eine detaillierte Analyse der Proben zeigt signifikante Ergebnisse.,0
Die theoretischen Grundlagen werden in Kapitel zwei erläutert.,0
Die Forschungsergebnisse tragen zum Verständnis des Prozesses bei.,0
"Es wird festgestellt, dass die Probanden unterschiedliche Reaktionen zeigen.",0
Diese Arbeit konzentriert sich auf die Evaluation neuer Technologien.,0
Die vorliegende Analyse zeigt deutliche Unterschiede zwischen den Gruppen.,0
Die Ergebnisse basieren auf einer umfassenden Datenbasis.,0
In Kapitel drei wird die Methodik ausführlich beschrieben.,0
Die Studie untersucht die Auswirkungen von Umweltfaktoren auf das Wachstum.,0
Die Hypothese wird durch die gesammelten Daten unterstützt.,0
Eine detaillierte Analyse der Proben zeigt signifikante Ergebnisse.,0
Die theoretischen Grundlagen werden in Kapitel zwei erläutert.,0
Die Forschungsergebnisse tragen zum Verständnis des Prozesses bei.,0
"Es wird festgestellt, dass die Probanden unterschiedliche Reaktionen zeigen.",0
Diese Arbeit konzentriert sich auf die Evaluation neuer Technologien.,0
Die vorliegende Analyse zeigt deutliche Unterschiede zwischen den Gruppen.,0
Die Ergebnisse basieren auf einer umfassenden Datenbasis.,0
In Kapitel drei wird die Methodik ausführlich beschrieben.,0
Die Studie untersucht die Auswirkungen von Umweltfaktoren auf das Wachstum.,0
Die Hypothese wird durch die gesammelten Daten unterstützt.,0
Eine detaillierte Analyse der Proben zeigt signifikante Ergebnisse.,0
Die theoretischen Grundlagen werden in Kapitel zwei erläutert.,0
Die Forschungsergebnisse tragen zum Verständnis des Prozesses bei.,0
"Es wird festgestellt, dass die Probanden unterschiedliche Reaktionen zeigen.",0
Diese Arbeit konzentriert sich auf die Evaluation neuer Technologien.,0
Die vorliegende Analyse zeigt deutliche Unterschiede zwischen den Gruppen.,0
Die Ergebnisse basieren auf einer umfassenden Datenbasis.,0
In Kapitel drei wird die Methodik ausführlich beschrieben.,0
Die Studie untersucht die Auswirkungen von Umweltfaktoren auf das Wachstum.,0
Die Hypothese wird durch die gesammelten Daten unterstützt.,0
Eine detaillierte Analyse der Proben zeigt signifikante Ergebnisse.,0
Die theoretischen Grundlagen werden in Kapitel zwei erläutert.,0
Die Forschungsergebnisse tragen zum Verständnis des Prozesses bei.,0
"Es wird festgestellt, dass die Probanden unterschiedliche Reaktionen zeigen.",0
Diese Arbeit konzentriert sich auf die Evaluation neuer Technologien.,0
Die vorliegende Analyse zeigt deutliche Unterschiede zwischen den Gruppen.,0
Die Ergebnisse basieren auf einer umfassenden Datenbasis.,0
In Kapitel drei wird die Methodik ausführlich beschrieben.,0
Die Studie untersucht die Auswirkungen von Umweltfaktoren auf das Wachstum.,0
Die Hypothese wird durch die gesammelten Daten unterstützt.,0
Eine detaillierte Analyse der Proben zeigt signifikante Ergebnisse.,0
Die theoretischen Grundlagen werden in Kapitel zwei erläutert.,0
Die Forschungsergebnisse tragen zum Verständnis des Prozesses bei.,0
"Es wird festgestellt, dass die Probanden unterschiedliche Reaktionen zeigen.",0
Diese Arbeit konzentriert sich auf die Evaluation neuer Technologien.,0
Die vorliegende Analyse zeigt deutliche Unterschiede zwischen den Gruppen.,0
Die Ergebnisse basieren auf einer umfassenden Datenbasis.,0
In Kapitel drei wird die Methodik ausführlich beschrieben.,0
Die Studie untersucht die Auswirkungen von Umweltfaktoren auf das Wachstum.,0
Die Hypothese wird durch die gesammelten Daten unterstützt.,0
Eine detaillierte Analyse der Proben zeigt signifikante Ergebnisse.,0
Die theoretischen Grundlagen werden in Kapitel zwei erläutert.,0
Die Forschungsergebnisse tragen zum Verständnis des Prozesses bei.,0
"Es wird festgestellt, dass die Probanden unterschiedliche Reaktionen zeigen.",0
Diese Arbeit konzentriert sich auf die Evaluation neuer Technologien.,0
Die vorliegende Analyse zeigt deutliche Unterschiede zwischen den Gruppen.,0
Die Ergebnisse basieren auf einer umfassenden Datenbasis.,0
In Kapitel drei wird die Methodik ausführlich beschrieben.,0
Die Studie untersucht die Auswirkungen von Umweltfaktoren auf das Wachstum.,0
Die Hypothese wird durch die gesammelten Daten unterstützt.,0
Eine detaillierte Analyse der Proben zeigt signifikante Ergebnisse.,0
Die theoretischen Grundlagen werden in Kapitel zwei erläutert.,0
Die Forschungsergebnisse tragen zum Verständnis des Prozesses bei.,0
"Es wird festgestellt, dass die Probanden unterschiedliche Reaktionen zeigen.",0
Diese Arbeit konzentriert sich auf die Evaluation neuer Technologien.,0
Die vorliegende Analyse zeigt deutliche Unterschiede zwischen den Gruppen.,0
Die Ergebnisse basieren auf einer umfassenden Datenbasis.,0
In Kapitel drei wird die Methodik ausführlich beschrieben.,0
Die Studie untersucht die Auswirkungen von Umweltfaktoren auf das Wachstum.,0
Die Hypothese wird durch die gesammelten Daten unterstützt.,0
Eine detaillierte Analyse der Proben zeigt signifikante Ergebnisse.,0
Die theoretischen Grundlagen werden in Kapitel zwei erläutert.,0
Die Forschungsergebnisse tragen zum Verständnis des Prozesses bei.,0
"Es wird festgestellt, dass die Probanden unterschiedliche Reaktionen zeigen.",0
Diese Arbeit konzentriert sich auf die Evaluation neuer Technologien.,0
Die vorliegende Analyse zeigt deutliche Unterschiede zwischen den Gruppen.,0
Die Ergebnisse basieren auf einer umfassenden Datenbasis.,0
In Kapitel drei wird die Methodik ausführlich beschrieben.,0
Die Studie untersucht die Auswirkungen von Umweltfaktoren auf das Wachstum.,0
Die Hypothese wird durch die gesammelten Daten unterstützt.,0
Eine detaillierte Analyse der Proben zeigt signifikante Ergebnisse.,0
Die theoretischen Grundlagen werden in Kapitel zwei erläutert.,0
Die Forschungsergebnisse tragen zum Verständnis des Prozesses bei.,0
"Es wird festgestellt, dass die Probanden unterschiedliche Reaktionen zeigen.",0
Diese Arbeit konzentriert sich auf die Evaluation neuer Technologien.,0
"Naja, das ist halt irgendwie spannend, oder?",1
"Also, ich glaube, das macht schon Sinn, denke ich.",1
"So, dann schauen wir mal, wie das läuft.",1
"Ich meine, das könnte vielleicht klappen, wer weiß.",1
"Das war echt krass, wie das passiert ist!",1
"Also ehrlich, das hätte ich niemals erwartet.",1
"Man sieht ja schon, dass das irgendwie funktioniert.",1
"Ich habe halt einfach keine Ahnung, was das soll.",1
"Das war total verrückt, ehrlich gesagt.",1
"Ich denke mal, das ist schon in Ordnung so.",1
"Naja, das ist halt irgendwie spannend, oder?",1
"Also, ich glaube, das macht schon Sinn, denke ich.",1
"So, dann schauen wir mal, wie das läuft.",1
"Ich meine, das könnte vielleicht klappen, wer weiß.",1
"Das war echt krass, wie das passiert ist!",1
"Also ehrlich, das hätte ich niemals erwartet.",1
"Man sieht ja schon, dass das irgendwie funktioniert.",1
"Ich habe halt einfach keine Ahnung, was das soll.",1
"Das war total verrückt, ehrlich gesagt.",1
"Ich denke mal, das ist schon in Ordnung so.",1
"Naja, das ist halt irgendwie spannend, oder?",1
"Also, ich glaube, das macht schon Sinn, denke ich.",1
"So, dann schauen wir mal, wie das läuft.",1
"Ich meine, das könnte vielleicht klappen, wer weiß.",1
"Das war echt krass, wie das passiert ist!",1
"Also ehrlich, das hätte ich niemals erwartet.",1
"Man sieht ja schon, dass das irgendwie funktioniert.",1
"Ich habe halt einfach keine Ahnung, was das soll.",1
"Das war total verrückt, ehrlich gesagt.",1
"Ich denke mal, das ist schon in Ordnung so.",1
"Naja, das ist halt irgendwie spannend, oder?",1
"Also, ich glaube, das macht schon Sinn, denke ich.",1
"So, dann schauen wir mal, wie das läuft.",1
"Ich meine, das könnte vielleicht klappen, wer weiß.",1
"Das war echt krass, wie das passiert ist!",1
"Also ehrlich, das hätte ich niemals erwartet.",1
"Man sieht ja schon, dass das irgendwie funktioniert.",1
"Ich habe halt einfach keine Ahnung, was das soll.",1
"Das war total verrückt, ehrlich gesagt.",1
"Ich denke mal, das ist schon in Ordnung so.",1
"Naja, das ist halt irgendwie spannend, oder?",1
"Also, ich glaube, das macht schon Sinn, denke ich.",1
"So, dann schauen wir mal, wie das läuft.",1
"Ich meine, das könnte vielleicht klappen, wer weiß.",1
"Das war echt krass, wie das passiert ist!",1
"Also ehrlich, das hätte ich niemals erwartet.",1
"Man sieht ja schon, dass das irgendwie funktioniert.",1
"Ich habe halt einfach keine Ahnung, was das soll.",1
"Das war total verrückt, ehrlich gesagt.",1
"Ich denke mal, das ist schon in Ordnung so.",1
"Naja, das ist halt irgendwie spannend, oder?",1
"Also, ich glaube, das macht schon Sinn, denke ich.",1
"So, dann schauen wir mal, wie das läuft.",1
"Ich meine, das könnte vielleicht klappen, wer weiß.",1
"Das war echt krass, wie das passiert ist!",1
"Also ehrlich, das hätte ich niemals erwartet.",1
"Man sieht ja schon, dass das irgendwie funktioniert.",1
"Ich habe halt einfach keine Ahnung, was das soll.",1
"Das war total verrückt, ehrlich gesagt.",1
"Ich denke mal, das ist schon in Ordnung so.",1
"Naja, das ist halt irgendwie spannend, oder?",1
"Also, ich glaube, das macht schon Sinn, denke ich.",1
"So, dann schauen wir mal, wie das läuft.",1
"Ich meine, das könnte vielleicht klappen, wer weiß.",1
"Das war echt krass, wie das passiert ist!",1
"Also ehrlich, das hätte ich niemals erwartet.",1
"Man sieht ja schon, dass das irgendwie funktioniert.",1
"Ich habe halt einfach keine Ahnung, was das soll.",1
"Das war total verrückt, ehrlich gesagt.",1
"Ich denke mal, das ist schon in Ordnung so.",1
"Naja, das ist halt irgendwie spannend, oder?",1
"Also, ich glaube, das macht schon Sinn, denke ich.",1
"So, dann schauen wir mal, wie das läuft.",1
"Ich meine, das könnte vielleicht klappen, wer weiß.",1
"Das war echt krass, wie das passiert ist!",1
"Also ehrlich, das hätte ich niemals erwartet.",1
"Man sieht ja schon, dass das irgendwie funktioniert.",1
"Ich habe halt einfach keine Ahnung, was das soll.",1
"Das war total verrückt, ehrlich gesagt.",1
"Ich denke mal, das ist schon in Ordnung so.",1
"Naja, das ist halt irgendwie spannend, oder?",1
"Also, ich glaube, das macht schon Sinn, denke ich.",1
"So, dann schauen wir mal, wie das läuft.",1
"Ich meine, das könnte vielleicht klappen, wer weiß.",1
"Das war echt krass, wie das passiert ist!",1
"Also ehrlich, das hätte ich niemals erwartet.",1
"Man sieht ja schon, dass das irgendwie funktioniert.",1
"Ich habe halt einfach keine Ahnung, was das soll.",1
"Das war total verrückt, ehrlich gesagt.",1
"Ich denke mal, das ist schon in Ordnung so.",1
"Naja, das ist halt irgendwie spannend, oder?",1
"Also, ich glaube, das macht schon Sinn, denke ich.",1
"So, dann schauen wir mal, wie das läuft.",1
"Ich meine, das könnte vielleicht klappen, wer weiß.",1
"Das war echt krass, wie das passiert ist!",1
"Also ehrlich, das hätte ich niemals erwartet.",1
"Man sieht ja schon, dass das irgendwie funktioniert.",1
"Ich habe halt einfach keine Ahnung, was das soll.",1
"Das war total verrückt, ehrlich gesagt.",1
"Ich denke mal, das ist schon in Ordnung so.",1
"Naja, das ist halt irgendwie spannend, oder?",1
"Also, ich glaube, das macht schon Sinn, denke ich.",1
"So, dann schauen wir mal, wie das läuft.",1
"Ich meine, das könnte vielleicht klappen, wer weiß.",1
"Das war echt krass, wie das passiert ist!",1
"Also ehrlich, das hätte ich niemals erwartet.",1
"Man sieht ja schon, dass das irgendwie funktioniert.",1
"Ich habe halt einfach keine Ahnung, was das soll.",1
"Das war total verrückt, ehrlich gesagt.",1
"Ich denke mal, das ist schon in Ordnung so.",1
"Naja, das ist halt irgendwie spannend, oder?",1
"Also, ich glaube, das macht schon Sinn, denke ich.",1
"So, dann schauen wir mal, wie das läuft.",1
"Ich meine, das könnte vielleicht klappen, wer weiß.",1
"Das war echt krass, wie das passiert ist!",1
"Also ehrlich, das hätte ich niemals erwartet.",1
"Man sieht ja schon, dass das irgendwie funktioniert.",1
"Ich habe halt einfach keine Ahnung, was das soll.",1
"Das war total verrückt, ehrlich gesagt.",1
"Ich denke mal, das ist schon in Ordnung so.",1
"Naja, das ist halt irgendwie spannend, oder?",1
"Also, ich glaube, das macht schon Sinn, denke ich.",1
"So, dann schauen wir mal, wie das läuft.",1
"Ich meine, das könnte vielleicht klappen, wer weiß.",1
"Das war echt krass, wie das passiert ist!",1
"Also ehrlich, das hätte ich niemals erwartet.",1
"Man sieht ja schon, dass das irgendwie funktioniert.",1
"Ich habe halt einfach keine Ahnung, was das soll.",1
"Das war total verrückt, ehrlich gesagt.",1
"Ich denke mal, das ist schon in Ordnung so.",1
"Naja, das ist halt irgendwie spannend, oder?",1
"Also, ich glaube, das macht schon Sinn, denke ich.",1
"So, dann schauen wir mal, wie das läuft.",1
"Ich meine, das könnte vielleicht klappen, wer weiß.",1
"Das war echt krass, wie das passiert ist!",1
"Also ehrlich, das hätte ich niemals erwartet.",1
"Man sieht ja schon, dass das irgendwie funktioniert.",1
"Ich habe halt einfach keine Ahnung, was das soll.",1
"Das war total verrückt, ehrlich gesagt.",1
"Ich denke mal, das ist schon in Ordnung so.",1
"Naja, das ist halt irgendwie spannend, oder?",1
"Also, ich glaube, das macht schon Sinn, denke ich.",1
"So, dann schauen wir mal, wie das läuft.",1
"Ich meine, das könnte vielleicht klappen, wer weiß.",1
"Das war echt krass, wie das passiert ist!",1
"Also ehrlich, das hätte ich niemals erwartet.",1
"Man sieht ja schon, dass das irgendwie funktioniert.",1
"Ich habe halt einfach keine Ahnung, was das soll.",1
"Das war total verrückt, ehrlich gesagt.",1
"Ich denke mal, das ist schon in Ordnung so.",1
"Naja, das ist halt irgendwie spannend, oder?",1
"Also, ich glaube, das macht schon Sinn, denke ich.",1
"So, dann schauen wir mal, wie das läuft.",1
"Ich meine, das könnte vielleicht klappen, wer weiß.",1
"Das war echt krass, wie das passiert ist!",1
"Also ehrlich, das hätte ich niemals erwartet.",1
"Man sieht ja schon, dass das irgendwie funktioniert.",1
"Ich habe halt einfach keine Ahnung, was das soll.",1
"Das war total verrückt, ehrlich gesagt.",1
"Ich denke mal, das ist schon in Ordnung so.",1
"Naja, das ist halt irgendwie spannend, oder?",1
"Also, ich glaube, das macht schon Sinn, denke ich.",1
"So, dann schauen wir mal, wie das läuft.",1
"Ich meine, das könnte vielleicht klappen, wer weiß.",1
"Das war echt krass, wie das passiert ist!",1
"Also ehrlich, das hätte ich niemals erwartet.",1
"Man sieht ja schon, dass das irgendwie funktioniert.",1
"Ich habe halt einfach keine Ahnung, was das soll.",1
"Das war total verrückt, ehrlich gesagt.",1
"Ich denke mal, das ist schon in Ordnung so.",1
"Naja, das ist halt irgendwie spannend, oder?",1
"Also, ich glaube, das macht schon Sinn, denke ich.",1
"So, dann schauen wir mal, wie das läuft.",1
"Ich meine, das könnte vielleicht klappen, wer weiß.",1
"Das war echt krass, wie das passiert ist!",1
"Also ehrlich, das hätte ich niemals erwartet.",1
"Man sieht ja schon, dass das irgendwie funktioniert.",1
"Ich habe halt einfach keine Ahnung, was das soll.",1
"Das war total verrückt, ehrlich gesagt.",1
"Ich denke mal, das ist schon in Ordnung so.",1
"Naja, das ist halt irgendwie spannend, oder?",1
"Also, ich glaube, das macht schon Sinn, denke ich.",1
"So, dann schauen wir mal, wie das läuft.",1
"Ich meine, das könnte vielleicht klappen, wer weiß.",1
"Das war echt krass, wie das passiert ist!",1
"Also ehrlich, das hätte ich niemals erwartet.",1
"Man sieht ja schon, dass das irgendwie funktioniert.",1
"Ich habe halt einfach keine Ahnung, was das soll.",1
"Das war total verrückt, ehrlich gesagt.",1
"Ich denke mal, das ist schon in Ordnung so.",1
"Naja, das ist halt irgendwie spannend, oder?",1
"Also, ich glaube, das macht schon Sinn, denke ich.",1
"So, dann schauen wir mal, wie das läuft.",1
"Ich meine, das könnte vielleicht klappen, wer weiß.",1
"Das war echt krass, wie das passiert ist!",1
"Also ehrlich, das hätte ich niemals erwartet.",1
"Man sieht ja schon, dass das irgendwie funktioniert.",1
"Ich habe halt einfach keine Ahnung, was das soll.",1
"Das war total verrückt, ehrlich gesagt.",1
"Ich denke mal, das ist schon in Ordnung so.",1
"Naja, das ist halt irgendwie spannend, oder?",1
"Also, ich glaube, das macht schon Sinn, denke ich.",1
"So, dann schauen wir mal, wie das läuft.",1
"Ich meine, das könnte vielleicht klappen, wer weiß.",1
"Das war echt krass, wie das passiert ist!",1
"Also ehrlich, das hätte ich niemals erwartet.",1
"Man sieht ja schon, dass das irgendwie funktioniert.",1
"Ich habe halt einfach keine Ahnung, was das soll.",1
"Das war total verrückt, ehrlich gesagt.",1
"Ich denke mal, das ist schon in Ordnung so.",1
"Naja, das ist halt irgendwie spannend, oder?",1
"Also, ich glaube, das macht schon Sinn, denke ich.",1
"So, dann schauen wir mal, wie das läuft.",1
"Ich meine, das könnte vielleicht klappen, wer weiß.",1
"Das war echt krass, wie das passiert ist!",1
"Also ehrlich, das hätte ich niemals erwartet.",1
"Man sieht ja schon, dass das irgendwie funktioniert.",1
"Ich habe halt einfach keine Ahnung, was das soll.",1
"Das war total verrückt, ehrlich gesagt.",1
"Ich denke mal, das ist schon in Ordnung so.",1
"Naja, das ist halt irgendwie spannend, oder?",1
"Also, ich glaube, das macht schon Sinn, denke ich.",1
"So, dann schauen wir mal, wie das läuft.",1
"Ich meine, das könnte vielleicht klappen, wer weiß.",1
"Das war echt krass, wie das passiert ist!",1
"Also ehrlich, das hätte ich niemals erwartet.",1
"Man sieht ja schon, dass das irgendwie funktioniert.",1
"Ich habe halt einfach keine Ahnung, was das soll.",1
"Das war total verrückt, ehrlich gesagt.",1
"Ich denke mal, das ist schon in Ordnung so.",1
"Naja, das ist halt irgendwie spannend, oder?",1
"Also, ich glaube, das macht schon Sinn, denke ich.",1
"So, dann schauen wir mal, wie das läuft.",1
"Ich meine, das könnte vielleicht klappen, wer weiß.",1
"Das war echt krass, wie das passiert ist!",1
"Also ehrlich, das hätte ich niemals erwartet.",1
"Man sieht ja schon, dass das irgendwie funktioniert.",1
"Ich habe halt einfach keine Ahnung, was das soll.",1
"Das war total verrückt, ehrlich gesagt.",1
"Ich denke mal, das ist schon in Ordnung so.",1
"Naja, das ist halt irgendwie spannend, oder?",1
"Also, ich glaube, das macht schon Sinn, denke ich.",1
"So, dann schauen wir mal, wie das läuft.",1
"Ich meine, das könnte vielleicht klappen, wer weiß.",1
"Das war echt krass, wie das passiert ist!",1
"Also ehrlich, das hätte ich niemals erwartet.",1
"Man sieht ja schon, dass das irgendwie funktioniert.",1
"Ich habe halt einfach keine Ahnung, was das soll.",1
"Das war total verrückt, ehrlich gesagt.",1
"Ich denke mal, das ist schon in Ordnung so.",1
"Naja, das ist halt irgendwie spannend, oder?",1
"Also, ich glaube, das macht schon Sinn, denke ich.",1
"So, dann schauen wir mal, wie das läuft.",1
"Ich meine, das könnte vielleicht klappen, wer weiß.",1
"Das war echt krass, wie das passiert ist!",1
"Also ehrlich, das hätte ich niemals erwartet.",1
"Man sieht ja schon, dass das irgendwie funktioniert.",1
"Ich habe halt einfach keine Ahnung, was das soll.",1
"Das war total verrückt, ehrlich gesagt.",1
"Ich denke mal, das ist schon in Ordnung so.",1
"Naja, das ist halt irgendwie spannend, oder?",1
"Also, ich glaube, das macht schon Sinn, denke ich.",1
"So, dann schauen wir mal, wie das läuft.",1
"Ich meine, das könnte vielleicht klappen, wer weiß.",1
"Das war echt krass, wie das passiert ist!",1
"Also ehrlich, das hätte ich niemals erwartet.",1
"Man sieht ja schon, dass das irgendwie funktioniert.",1
"Ich habe halt einfach keine Ahnung, was das soll.",1
"Das war total verrückt, ehrlich gesagt.",1
"Ich denke mal, das ist schon in Ordnung so.",1
"Naja, das ist halt irgendwie spannend, oder?",1
"Also, ich glaube, das macht schon Sinn, denke ich.",1
"So, dann schauen wir mal, wie das läuft.",1
"Ich meine, das könnte vielleicht klappen, wer weiß.",1
"Das war echt krass, wie das passiert ist!",1
"Also ehrlich, das hätte ich niemals erwartet.",1
"Man sieht ja schon, dass das irgendwie funktioniert.",1
"Ich habe halt einfach keine Ahnung, was das soll.",1
"Das war total verrückt, ehrlich gesagt.",1
"Ich denke mal, das ist schon in Ordnung so.",1
"Naja, das ist halt irgendwie spannend, oder?",1
"Also, ich glaube, das macht schon Sinn, denke ich.",1
"So, dann schauen wir mal, wie das läuft.",1
"Ich meine, das könnte vielleicht klappen, wer weiß.",1
"Das war echt krass, wie das passiert ist!",1
"Also ehrlich, das hätte ich niemals erwartet.",1
"Man sieht ja schon, dass das irgendwie funktioniert.",1
"Ich habe halt einfach keine Ahnung, was das soll.",1
"Das war total verrückt, ehrlich gesagt.",1
"Ich denke mal, das ist schon in Ordnung so.",1
"Naja, das ist halt irgendwie spannend, oder?",1
"Also, ich glaube, das macht schon Sinn, denke ich.",1
"So, dann schauen wir mal, wie das läuft.",1
"Ich meine, das könnte vielleicht klappen, wer weiß.",1
"Das war echt krass, wie das passiert ist!",1
"Also ehrlich, das hätte ich niemals erwartet.",1
"Man sieht ja schon, dass das irgendwie funktioniert.",1
"Ich habe halt einfach keine Ahnung, was das soll.",1
"Das war total verrückt, ehrlich gesagt.",1
"Ich denke mal, das ist schon in Ordnung so.",1
"Naja, das ist halt irgendwie spannend, oder?",1
"Also, ich glaube, das macht schon Sinn, denke ich.",1
"So, dann schauen wir mal, wie das läuft.",1
"Ich meine, das könnte vielleicht klappen, wer weiß.",1
"Das war echt krass, wie das passiert ist!",1
"Also ehrlich, das hätte ich niemals erwartet.",1
"Man sieht ja schon, dass das irgendwie funktioniert.",1
"Ich habe halt einfach keine Ahnung, was das soll.",1
"Das war total verrückt, ehrlich gesagt.",1
"Ich denke mal, das ist schon in Ordnung so.",1
"Naja, das ist halt irgendwie spannend, oder?",1
"Also, ich glaube, das macht schon Sinn, denke ich.",1
"So, dann schauen wir mal, wie das läuft.",1
"Ich meine, das könnte vielleicht klappen, wer weiß.",1
"Das war echt krass, wie das passiert ist!",1
"Also ehrlich, das hätte ich niemals erwartet.",1
"Man sieht ja schon, dass das irgendwie funktioniert.",1
"Ich habe halt einfach keine Ahnung, was das soll.",1
"Das war total verrückt, ehrlich gesagt.",1
"Ich denke mal, das ist schon in Ordnung so.",1
"Naja, das ist halt irgendwie spannend, oder?",1
"Also, ich glaube, das macht schon Sinn, denke ich.",1
"So, dann schauen wir mal, wie das läuft.",1
"Ich meine, das könnte vielleicht klappen, wer weiß.",1
"Das war echt krass, wie das passiert ist!",1
"Also ehrlich, das hätte ich niemals erwartet.",1
"Man sieht ja schon, dass das irgendwie funktioniert.",1
"Ich habe halt einfach keine Ahnung, was das soll.",1
"Das war total verrückt, ehrlich gesagt.",1
"Ich denke mal, das ist schon in Ordnung so.",1
"Naja, das ist halt irgendwie spannend, oder?",1
"Also, ich glaube, das macht schon Sinn, denke ich.",1
"So, dann schauen wir mal, wie das läuft.",1
"Ich meine, das könnte vielleicht klappen, wer weiß.",1
"Das war echt krass, wie das passiert ist!",1
"Also ehrlich, das hätte ich niemals erwartet.",1
"Man sieht ja schon, dass das irgendwie funktioniert.",1
"Ich habe halt einfach keine Ahnung, was das soll.",1
"Das war total verrückt, ehrlich gesagt.",1
"Ich denke mal, das ist schon in Ordnung so.",1
"Naja, das ist halt irgendwie spannend, oder?",1
"Also, ich glaube, das macht schon Sinn, denke ich.",1
"So, dann schauen wir mal, wie das läuft.",1
"Ich meine, das könnte vielleicht klappen, wer weiß.",1
"Das war echt krass, wie das passiert ist!",1
"Also ehrlich, das hätte ich niemals erwartet.",1
"Man sieht ja schon, dass das irgendwie funktioniert.",1
"Ich habe halt einfach keine Ahnung, was das soll.",1
"Das war total verrückt, ehrlich gesagt.",1
"Ich denke mal, das ist schon in Ordnung so.",1
"Naja, das ist halt irgendwie spannend, oder?",1
"Also, ich glaube, das macht schon Sinn, denke ich.",1
"So, dann schauen wir mal, wie das läuft.",1
"Ich meine, das könnte vielleicht klappen, wer weiß.",1
"Das war echt krass, wie das passiert ist!",1
"Also ehrlich, das hätte ich niemals erwartet.",1
"Man sieht ja schon, dass das irgendwie funktioniert.",1
"Ich habe halt einfach keine Ahnung, was das soll.",1
"Das war total verrückt, ehrlich gesagt.",1
"Ich denke mal, das ist schon in Ordnung so.",1
"Naja, das ist halt irgendwie spannend, oder?",1
"Also, ich glaube, das macht schon Sinn, denke ich.",1
"So, dann schauen wir mal, wie das läuft.",1
"Ich meine, das könnte vielleicht klappen, wer weiß.",1
"Das war echt krass, wie das passiert ist!",1
"Also ehrlich, das hätte ich niemals erwartet.",1
"Man sieht ja schon, dass das irgendwie funktioniert.",1
"Ich habe halt einfach keine Ahnung, was das soll.",1
"Das war total verrückt, ehrlich gesagt.",1
"Ich denke mal, das ist schon in Ordnung so.",1
"Naja, das ist halt irgendwie spannend, oder?",1
"Also, ich glaube, das macht schon Sinn, denke ich.",1
"So, dann schauen wir mal, wie das läuft.",1
"Ich meine, das könnte vielleicht klappen, wer weiß.",1
"Das war echt krass, wie das passiert ist!",1
"Also ehrlich, das hätte ich niemals erwartet.",1
"Man sieht ja schon, dass das irgendwie funktioniert.",1
"Ich habe halt einfach keine Ahnung, was das soll.",1
"Das war total verrückt, ehrlich gesagt.",1
"Ich denke mal, das ist schon in Ordnung so.",1
"Naja, das ist halt irgendwie spannend, oder?",1
"Also, ich glaube, das macht schon Sinn, denke ich.",1
"So, dann schauen wir mal, wie das läuft.",1
"Ich meine, das könnte vielleicht klappen, wer weiß.",1
"Das war echt krass, wie das passiert ist!",1
"Also ehrlich, das hätte ich niemals erwartet.",1
"Man sieht ja schon, dass das irgendwie funktioniert.",1
"Ich habe halt einfach keine Ahnung, was das soll.",1
"Das war total verrückt, ehrlich gesagt.",1
"Ich denke mal, das ist schon in Ordnung so.",1
"Naja, das ist halt irgendwie spannend, oder?",1
"Also, ich glaube, das macht schon Sinn, denke ich.",1
"So, dann schauen wir mal, wie das läuft.",1
"Ich meine, das könnte vielleicht klappen, wer weiß.",1
"Das war echt krass, wie das passiert ist!",1
"Also ehrlich, das hätte ich niemals erwartet.",1
"Man sieht ja schon, dass das irgendwie funktioniert.",1
"Ich habe halt einfach keine Ahnung, was das soll.",1
"Das war total verrückt, ehrlich gesagt.",1
"Ich denke mal, das ist schon in Ordnung so.",1
"Naja, das ist halt irgendwie spannend, oder?",1
"Also, ich glaube, das macht schon Sinn, denke ich.",1
"So, dann schauen wir mal, wie das läuft.",1
"Ich meine, das könnte vielleicht klappen, wer weiß.",1
"Das war echt krass, wie das passiert ist!",1
"Also ehrlich, das hätte ich niemals erwartet.",1
"Man sieht ja schon, dass das irgendwie funktioniert.",1
"Ich habe halt einfach keine Ahnung, was das soll.",1
"Das war total verrückt, ehrlich gesagt.",1
"Ich denke mal, das ist schon in Ordnung so.",1
"Naja, das ist halt irgendwie spannend, oder?",1
"Also, ich glaube, das macht schon Sinn, denke ich.",1
"So, dann schauen wir mal, wie das läuft.",1
"Ich meine, das könnte vielleicht klappen, wer weiß.",1
"Das war echt krass, wie das passiert ist!",1
"Also ehrlich, das hätte ich niemals erwartet.",1
"Man sieht ja schon, dass das irgendwie funktioniert.",1
"Ich habe halt einfach keine Ahnung, was das soll.",1
"Das war total verrückt, ehrlich gesagt.",1
"Ich denke mal, das ist schon in Ordnung so.",1
"Naja, das ist halt irgendwie spannend, oder?",1
"Also, ich glaube, das macht schon Sinn, denke ich.",1
"So, dann schauen wir mal, wie das läuft.",1
"Ich meine, das könnte vielleicht klappen, wer weiß.",1
"Das war echt krass, wie das passiert ist!",1
"Also ehrlich, das hätte ich niemals erwartet.",1
"Man sieht ja schon, dass das irgendwie funktioniert.",1
"Ich habe halt einfach keine Ahnung, was das soll.",1
"Das war total verrückt, ehrlich gesagt.",1
"Ich denke mal, das ist schon in Ordnung so.",1
"Naja, das ist halt irgendwie spannend, oder?",1
"Also, ich glaube, das macht schon Sinn, denke ich.",1
"So, dann schauen wir mal, wie das läuft.",1
"Ich meine, das könnte vielleicht klappen, wer weiß.",1
"Das war echt krass, wie das passiert ist!",1
"Also ehrlich, das hätte ich niemals erwartet.",1
"Man sieht ja schon, dass das irgendwie funktioniert.",1
"Ich habe halt einfach keine Ahnung, was das soll.",1
"Das war total verrückt, ehrlich gesagt.",1
"Ich denke mal, das ist schon in Ordnung so.",1
"Naja, das ist halt irgendwie spannend, oder?",1
"Also, ich glaube, das macht schon Sinn, denke ich.",1
"So, dann schauen wir mal, wie das läuft.",1
"Ich meine, das könnte vielleicht klappen, wer weiß.",1
"Das war echt krass, wie das passiert ist!",1
"Also ehrlich, das hätte ich niemals erwartet.",1
"Man sieht ja schon, dass das irgendwie funktioniert.",1
"Ich habe halt einfach keine Ahnung, was das soll.",1
"Das war total verrückt, ehrlich gesagt.",1
"Ich denke mal, das ist schon in Ordnung so.",1
"Naja, das ist halt irgendwie spannend, oder?",1
"Also, ich glaube, das macht schon Sinn, denke ich.",1
"So, dann schauen wir mal, wie das läuft.",1
"Ich meine, das könnte vielleicht klappen, wer weiß.",1
"Das war echt krass, wie das passiert ist!",1
"Also ehrlich, das hätte ich niemals erwartet.",1
"Man sieht ja schon, dass das irgendwie funktioniert.",1
"Ich habe halt einfach keine Ahnung, was das soll.",1
"Das war total verrückt, ehrlich gesagt.",1
"Ich denke mal, das ist schon in Ordnung so.",1
"Naja, das ist halt irgendwie spannend, oder?",1
"Also, ich glaube, das macht schon Sinn, denke ich.",1
"So, dann schauen wir mal, wie das läuft.",1
"Ich meine, das könnte vielleicht klappen, wer weiß.",1
"Das war echt krass, wie das passiert ist!",1
"Also ehrlich, das hätte ich niemals erwartet.",1
"Man sieht ja schon, dass das irgendwie funktioniert.",1
"Ich habe halt einfach keine Ahnung, was das soll.",1
"Das war total verrückt, ehrlich gesagt.",1
"Ich denke mal, das ist schon in Ordnung so.",1
"Naja, das ist halt irgendwie spannend, oder?",1
"Also, ich glaube, das macht schon Sinn, denke ich.",1
"So, dann schauen wir mal, wie das läuft.",1
"Ich meine, das könnte vielleicht klappen, wer weiß.",1
"Das war echt krass, wie das passiert ist!",1
"Also ehrlich, das hätte ich niemals erwartet.",1
"Man sieht ja schon, dass das irgendwie funktioniert.",1
"Ich habe halt einfach keine Ahnung, was das soll.",1
"Das war total verrückt, ehrlich gesagt.",1
"Ich denke mal, das ist schon in Ordnung so.",1
"Naja, das ist halt irgendwie spannend, oder?",1
"Also, ich glaube, das macht schon Sinn, denke ich.",1
"So, dann schauen wir mal, wie das läuft.",1
"Ich meine, das könnte vielleicht klappen, wer weiß.",1
"Das war echt krass, wie das passiert ist!",1
"Also ehrlich, das hätte ich niemals erwartet.",1
"Man sieht ja schon, dass das irgendwie funktioniert.",1
"Ich habe halt einfach keine Ahnung, was das soll.",1
"Das war total verrückt, ehrlich gesagt.",1
"Ich denke mal, das ist schon in Ordnung so.",1
"Naja, das ist halt irgendwie spannend, oder?",1
"Also, ich glaube, das macht schon Sinn, denke ich.",1
"So, dann schauen wir mal, wie das läuft.",1
"Ich meine, das könnte vielleicht klappen, wer weiß.",1
"Das war echt krass, wie das passiert ist!",1
"Also ehrlich, das hätte ich niemals erwartet.",1
"Man sieht ja schon, dass das irgendwie funktioniert.",1
"Ich habe halt einfach keine Ahnung, was das soll.",1
"Das war total verrückt, ehrlich gesagt.",1
"Ich denke mal, das ist schon in Ordnung so.",1
